Keyword,Position,URL,Date,Trend
porcelain tiles dubai,18,/porcelain-tiles/,2024-06-24,↑5
ceramic tiles dubai,22,/ceramic-tiles/,2024-06-24,↑3
floor tiles dubai,12,/floor-tiles/,2024-06-24,→
buy tiles dubai,28,/shop/,2024-06-24,↓2
bathroom tiles dubai,15,/bathroom-tiles/,2024-06-24,↑1
porcelain tiles sharjah,25,/sharjah/,2024-06-24,→
tiles near me,35,/local/,2024-06-24,↑8
ceramic vs porcelain,42,/blog/ceramic-vs-porcelain/,2024-06-24,NEW
tile installation guide,8,/blog/installation-guide/,2024-06-24,↑1
large format tiles,31,/products/large-format/,2024-06-24,NEW
